"Name","الاسم","Kind","Sector","Country","City","Profile","Website","Email","Phone","Address","Source","Confidence","Verification","State"
"Ministry of Oil","وزارة النفط العراقية","company","oil-gas","Iraq","Baghdad","Government ministry overseeing Iraq's petroleum sector, including oil production, infrastructure, and contracts. Highest authority in Iraqi oil industry decisions.","","","","Baghdad, Iraq","model-knowledge","0.9","unverified","new"
"State Organization for Marketing of Oil","الشركة الحكومية لتسويق النفط","company","oil-gas","Iraq","Baghdad","Iraq's official state marketing organization for crude oil exports. Manages Iraq's petroleum sales and export operations globally. Key entity in Iraq's oil revenue generation.","","","","Baghdad, Iraq","model-knowledge","0.85","unverified","new"
"China National Petroleum Corporation (CNPC)","شركة الصين الوطنية للبترول","company","oil-gas","China (Operating in Iraq)","Baghdad","Chinese state-owned petroleum company with substantial investments in Iraqi oil fields. Major player in Iraqi upstream development.","https://cnpc.com.cn","","","Baghdad, Iraq","model-knowledge","0.85","unverified","new"
"Iraqi Ministry of Electricity","وزارة الكهرباء العراقية","company","power","Iraq","Baghdad","Government ministry responsible for electricity generation, transmission, and distribution. Manages Iraq's power sector infrastructure and supply.","","","","Baghdad, Iraq","model-knowledge","0.85","unverified","new"
"Basra Oil Company","شركة نفط البصرة","company","oil-gas","Iraq","Basra","Major Iraqi state-owned oil production company. Operates oil fields in southern Iraq. Significant crude oil producer and exporter.","","","","Basra, Iraq","model-knowledge","0.8","unverified","targeted"
"Lukoil","لوكويل","company","oil-gas","Russia (Operating in Iraq)","Baghdad","Russian oil major with significant operations in Iraq. Operates oil fields and has development contracts. Major international operator in Iraqi petroleum sector.","https://lukoil.com","","","Baghdad, Iraq","model-knowledge","0.8","unverified","new"
"Shell (Royal Dutch Shell)","شل","company","oil-gas","Netherlands (Operating in Iraq)","Baghdad","Major international oil company with operations in Iraq. Involved in oil and gas production and development contracts.","https://shell.com","","","Baghdad, Iraq","model-knowledge","0.8","unverified","new"
"Eni","إيني","company","oil-gas","Italy (Operating in Iraq)","Baghdad","Italian multinational oil and gas company with operations in Iraq. Engaged in oil field development and gas projects.","https://eni.com","","","Baghdad, Iraq","model-knowledge","0.8","unverified","new"
"Northern Oil Company","شركة نفط الشمال","company","oil-gas","Iraq","Kirkuk","State-owned oil production company operating northern Iraqi oil fields. Manages operations in Kirkuk and surrounding regions.","","","","Kirkuk, Iraq","model-knowledge","0.75","unverified","new"
"BP (British Petroleum)","بي بي","company","oil-gas","United Kingdom (Operating in Iraq)","Baghdad","British multinational oil and gas company with operations in Iraq. Involved in oil field development and production projects.","https://bp.com","","","Baghdad, Iraq","model-knowledge","0.75","unverified","new"
"Missan Oil Company","شركة نفط ميسان","company","oil-gas","Iraq","Amarah","Iraqi state-owned petroleum producer operating in Missan Governorate. Engaged in oil field development and production.","","","","Amarah, Iraq","model-knowledge","0.7","unverified","new"
"Exxon Mobil","إكسون موبيل","company","oil-gas","USA (Operating in Iraq)","Baghdad","American multinational oil and gas corporation with past involvement in Iraqi projects. Engaged in international oil operations.","https://exxonmobil.com","","","Baghdad, Iraq","model-knowledge","0.7","unverified","new"
"Gazprom","غازبروم","company","oil-gas","Russia (Operating in Iraq)","Baghdad","Russian natural gas company with involvement in Iraqi gas projects. Engaged in development and management of Iraqi gas reserves.","https://gazprom.com","","","Baghdad, Iraq","model-knowledge","0.65","unverified","new"