sep=,
"Name","الاسم","Kind","Sector | القطاع","Country | الدولة","City | المدينة","Region","Email | البريد","Email 2","Phone | الهاتف","Phone 2","WhatsApp","Address | العنوان","Website | الموقع","LinkedIn","Social","Profile | نبذة","Size","Completeness %","Gaps | النواقص","Source method","Enrichment","Source URLs","Confidence","Verification","State"
"Baker Hughes Iraq","بيكر هيوز العراق","company","Oil & Gas Services","Iraq","Basra","Basra Governorate","mysupporthr@bakerhughes.com","corporatesecretary@bakerhughes.com","+17134896711","","","road suite of solutions provide greater efficiency and availability across LNG operations","https://www.bakerhughes.com/","https://www.linkedin.com/company/bakerhughes/","https://www.linkedin.com/company/bakerhughes/ | https://twitter.com/bakerhughesco | https://www.instagram.com/bakerhughesco | https://www.youtube.com/channel/UCxhgTNB0eD0xUeeJnP9Ow4g","Baker Hughes provides integrated oilfield services, technology, and equipment to Iraq's oil and gas industry, with operations supporting upstream projects in both the south and north. The company offers drilling services, artificial lift, and measurement-while-drilling solutions. Baker Hughes works alongside major IOCs and Iraqi national companies.","large","100","","web-scrape","enriched","https://www.bakerhughes.com/contact-us | https://www.bakerhughes.com/","0.95","unverified","new"
"Genel Energy","جينيل إنرجي","company","Oil & Gas","Iraq","Erbil","Kurdistan Region of Iraq","info@genelenergy.com","sustainability@genelenergy.com","+4403713842893","+4402076595100","","Street St Helier Jersey JE2 3RA Sustainability Philip Johnson ESG Manager +44 (0)20 7659 5100 su","https://genelenergy.com/","https://www.linkedin.com/company/genel-energy-plc/","https://www.linkedin.com/company/genel-energy-plc/ | https://www.instagram.com/genelenergyplc","Genel Energy is a London-listed independent oil and gas company with primary assets in the Kurdistan Region of Iraq, including production-sharing interests at Taq Taq and Tawke fields. The company has operated in Iraqi Kurdistan since the early 2000s under contracts with the Kurdistan Regional Government. Genel remains one of the leading independent operators active in the KRI upstream sector.","medium","100","","web-scrape","enriched","https://genelenergy.com/contact-us/ | https://genelenergy.com/","0.91","unverified","new"
"BP Iraq (Rumaila Operating Organisation)","بي بي العراق - منظمة تشغيل الرميلة","company","Oil & Gas","Iraq","Basra","Basra Governorate","roopresscentre@rumaila.iq","rumailapresscentre@roobasra.com","","","","","https://rumaila.iq/","linkedin.com/company/rumaila-operating-organisation","https://www.facebook.com/rumaila.iq.en/ | https://www.instagram.com/rumaila_operating_organisation","BP operates in Iraq primarily through the Rumaila Operating Organisation (ROO), a joint venture with Basra Oil Company and CNPC to develop the Rumaila super-giant field, one of the world's largest oil fields. BP holds a 38% technical service contractor interest and has been active on the field since 2009. Rumaila produces well over one million barrels per day.","large","62","phone address","web-scrape","enriched","https://rumaila.iq/ | https://rumaila.iq/english/serving-iraq/supporting-enterprise/","0.96","unverified","new"
"TotalEnergies Iraq","توتال إنيرجيز العراق","company","Oil & Gas","Iraq","Basra","Basra Governorate","","","+330147444546","","","","https://totalenergies.com/","https://www.linkedin.com/company/totalenergies/","https://www.linkedin.com/company/totalenergies/ | https://twitter.com/TotalEnergies | https://www.facebook.com/TotalEnergies/ | https://www.instagram.com/totalenergies | https://www.youtube.com/TotalEnergies","TotalEnergies holds interests in the Halfaya field in Missan Governorate and signed a landmark integrated energy deal with the Iraqi government in 2021 covering Artawi field development, solar power generation, seawater treatment, and gas capture across Basra. The French major is one of the largest foreign investors in Iraq's current energy transition projects. TotalEnergies' Iraq portfolio spans both upstream oil and clean energy infrastructure.","large","62","email address","web-scrape","enriched","https://totalenergies.com/contact-form | https://totalenergies.com/","0.95","unverified","new"
"SLB Iraq","إس إل بي العراق","company","Oil & Gas Services","Iraq","Basra","Basra Governorate","","","","","","building a more inclusive workplace, and driving positive socioeconomic outcomes","https://www.slb.com/","https://www.linkedin.com/company/slbglobal/","https://www.linkedin.com/company/slbglobal/ | https://www.facebook.com/WeAreSLBGlobal | https://www.instagram.com/slb_global | https://www.youtube.com/channel/UCzX5PhHCet4oAi_iTutUo5Q","SLB (formerly Schlumberger) operates extensively across Iraq's major oilfields, providing drilling, reservoir characterization, and production services. The company has a significant presence in southern Iraq's prolific Basra region and works with both national and international operators. SLB is among the largest oilfield services providers active in Iraq.","large","52","email phone","web-scrape","enriched","https://www.slb.com/","0.97","unverified","new"
"Lukoil Iraq","لوك أويل العراق","company","Oil & Gas","Iraq","Basra","Basra Governorate","","","","","","st. Widgets LUKOIL overview LUKOIL is one of the largest oil & gas vertical integrated compan","https://lukoil.com/","linkedin.com/company/lukoil","","Lukoil, Russia's largest privately-owned oil company, holds the operator stake in the West Qurna-2 field in southern Iraq, one of the world's largest undeveloped oil accumulations. Lukoil signed its service contract with Iraq's Ministry of Oil in 2009 and commenced production in 2014. The company serves as technical service contractor alongside Iraqi state partners.","large","52","email phone","web-scrape","enriched","https://lukoil.com/","0.95","unverified","new"
"Weatherford International Iraq","ويذرفورد الدولية العراق","company","Oil & Gas Services","Iraq","Basra","Basra Governorate","","","","","","Building wells that last a lifetime Learn more VERO OneTouch Automated Tubular System Traditional","https://www.weatherford.com/","https://www.linkedin.com/company/weatherford/","https://www.linkedin.com/company/weatherford/ | https://x.com/WeatherfordCorp | https://www.facebook.com/WeatherfordCorp | https://www.instagram.com/weatherfordcorp | https://www.youtube.com/user/weatherfordcorp","Weatherford International provides drilling, well evaluation, and production services in Iraq, supporting IOC-operated and national company projects across multiple governorates. The company supplies well construction, artificial lift, and completion equipment solutions. Weatherford has maintained a continuous operational base in Iraq to serve the country's expanding upstream sector.","large","52","email phone","web-scrape","enriched","https://www.weatherford.com/","0.88","unverified","new"
"Halliburton Iraq","هاليبرتون العراق","company","Oil & Gas Services","Iraq","Basra","Basra Governorate","","","","","","","https://www.halliburton.com/","https://www.linkedin.com/company/halliburton","https://www.linkedin.com/company/halliburton | https://www.facebook.com/halliburton | https://www.instagram.com/halliburton | https://www.youtube.com/iframe_api","Halliburton has maintained operations in Iraq since the post-2003 period, offering well completion, cementing, stimulation, and drilling services to operators across Iraqi oilfields. The company supports major upstream projects in Basra and other producing regions. Halliburton is one of the three largest oilfield services companies active in the country.","large","38","email phone address","web-scrape","enriched","https://www.halliburton.com/","0.96","unverified","new"
"Iraq National Oil Company","شركة النفط الوطنية العراقية","company","Oil & Gas","Iraq","Baghdad","Baghdad Governorate","","","","","","","https://inoc.com.iq","linkedin.com/company/iraq-national-oil-company-inoc","","Iraq National Oil Company (INOC) is the state-owned holding entity re-established in 2018 to oversee Iraq's oil and gas sector and coordinate the regional operating companies. INOC manages Iraq's hydrocarbon policy and acts as the umbrella above Basra Oil Company, North Oil Company, and other subsidiaries. It is the apex institution of Iraq's upstream petroleum industry.","large","38","email phone address","model-knowledge","unreachable","","0.65","unverified","new"
"CNPC Iraq","المجموعة الوطنية الصينية للنفط في العراق","company","Oil & Gas","Iraq","Baghdad","Baghdad Governorate","","","","","","","https://cnpc.com.cn","linkedin.com/company/cnpc","","China National Petroleum Corporation (CNPC) is one of the most active international oil companies in Iraq, holding stakes in Rumaila (38%), Halfaya (37.5%), Missan fields cluster, and Ahdab. CNPC's engagement in Iraq dates to the 1990s and expanded substantially after 2009 under technical service contracts. The company is widely regarded as Iraq's largest foreign upstream investor by barrels managed.","large","38","email phone address","model-knowledge","unreachable","","0.93","unverified","new"
"Basra Oil Company","شركة نفط البصرة","company","Oil & Gas","Iraq","Basra","Basra Governorate","","","","","","","https://basraoil.com.iq","","","Basra Oil Company (BOC) was established to replace the South Oil Company and manages production from the supergiant Rumaila, West Qurna 1, West Qurna 2, Majnoon, and Zubair fields. It is among the world's highest-volume oil producers and operates in partnership with BP, Lukoil, Shell, and ExxonMobil. BOC is the single most important entity in Iraq's oil export infrastructure.","large","32","email phone address linkedin","model-knowledge","unreachable","","0.6","unverified","new"
"North Oil Company","شركة نفط الشمال","company","Oil & Gas","Iraq","Kirkuk","Kirkuk Governorate","","","","","","","https://northoilco.com.iq","","","North Oil Company (NOC) manages hydrocarbon extraction in northern Iraq, primarily the historic Kirkuk oil field whose production dates to the 1930s. Established in 1972 after nationalization of the Iraq Petroleum Company, NOC has been a cornerstone of Iraq's oil industry for decades. The company operates in disputed territories straddling Arab and Kurdish regions.","large","32","email phone address linkedin","model-knowledge","unreachable","","0.62","unverified","new"
"Missan Oil Company","شركة نفط ميسان","company","Oil & Gas","Iraq","Amarah","Missan Governorate","","","","","","","https://missanoil.com.iq","","","Missan Oil Company is a state-owned Iraqi enterprise responsible for the Missan oil fields cluster in southeastern Iraq, including Buzurgan, Abu Ghirab, and Fauqi fields. The company partnered with CNPC and CNOOC under a technical service contract signed in 2009. Missan's fields have seen significant capacity growth through Chinese investment and technology transfer.","medium","32","email phone address linkedin","model-knowledge","unreachable","","0.5","unverified","new"
"Midland Oil Company","شركة نفط الوسط","company","Oil & Gas","Iraq","Baghdad","Baghdad Governorate","","","","","","","https://midlandoil.com.iq","","","Midland Oil Company (MOC) is an Iraqi state oil company overseeing central Iraq fields including the Ahdab field developed under contract with CNPC. The company manages assets in Wasit Governorate and surrounding areas and reports directly to Iraq's Ministry of Oil. MOC plays a key role in unlocking Iraq's central-region reserves.","medium","32","email phone address linkedin","model-knowledge","unreachable","","0.48","unverified","new"
"Dhi Qar Oil Company","شركة نفط ذي قار","company","Oil & Gas","Iraq","Nasiriyah","Dhi Qar Governorate","","","","","","","https://dhiqaroil.com.iq","","","Dhi Qar Oil Company manages oil production in Dhi Qar governorate in southern Iraq, including the Nasiriyah field and surrounding blocks. The company is state-owned and operates under the Iraqi Ministry of Oil. Development of the Nasiriyah block has attracted sustained international interest given its significant proven reserves.","medium","32","email phone address linkedin","model-knowledge","unreachable","","0.45","unverified","new"